Frequency[GHz],Transmittance_p,Transmittance_s
34.0,-4.458015648067894,-4.93884965551182
34.12712712712713,-4.4726772171894105,-4.901350004560305
34.254254254254256,-4.4857121791870815,-4.861682891994061
34.38138138138138,-4.497119968980354,-4.819848356036914
34.508508508508505,-4.506900120146961,-4.775846835672825
34.63563563563564,-4.515052253550379,-4.729679247107362
34.76276276276277,-4.521576067699703,-4.681347067830771
34.88988988988989,-4.526471330791236,-4.630852428933418
35.01701701701702,-4.529737874389921,-4.578198216379661
35.14414414414414,-4.531375588717349,-4.523388182004831
35.271271271271274,-4.531384419521392,-4.466427065060888
35.3983983983984,-4.52976436651093,-4.407320725199748
35.52552552552553,-4.526515483347444,-4.346076287848702
35.65265265265265,-4.521637879193333,-4.282702302998683
35.77977977977978,-4.5151317218252665,-4.217208918493582
35.90690690690691,-4.506997242328897,-4.149608068975173
36.034034034034036,-4.497234741399856,-4.079913681702466
36.16116116116117,-4.485844597284162,-4.008141900525332
36.288288288288285,-4.472827275399863,-3.9343113293463317
36.41541541541542,-4.458183339690493,-3.8584432964503748
36.54254254254254,-4.441913465769733,-3.780562141114831
36.66966966966967,-4.424018455925942,-3.7006955239290424
36.7967967967968,-4.404499256064588,-3.6188747622464885
36.92392392392393,-4.38335697467628,-3.535135192159085
37.05105105105105,-4.360592903928193,-3.4495165583141296
37.17817817817818,-4.336208542986888,-3.3620634327804932
37.30530530530531,-4.310205623691346,-3.2728256640033333
37.432432432432435,-4.282586138705945,-3.1818588566521373
37.55955955955957,-4.253352372294599,-3.0892248828533826
37.686686686686684,-4.222506933869072,-2.994992424890441
37.813813813813816,-4.190052794476467,-2.8992375489320588
37.94094094094094,-4.155993326403647,-2.802044308699934
38.06806806806807,-4.120332346088812,-2.703505377182265
38.1951951951952,-4.083074160543821,-2.6037227035261408
38.32232232232232,-4.044223617503925,-2.502808191072719
38.44944944944945,-4.0037861595351485,-2.400884391116373
38.57657657657658,-3.961767882342875,-2.2980852053531042
38.70370370370371,-3.918175597538655,-2.1945565881196423
38.830830830830834,-3.873016900135235,-2.0904572374048747
38.957957957957966,-3.8263002410525355,-1.9859592612406267
39.08508508508508,-3.778035004929169,-1.881248803463123
39.212212212212215,-3.7282315935449715,-1.7765266100125983
39.33933933933934,-3.6769015151697015,-1.6720085139591707
39.46646646646647,-3.6240574801607597,-1.5679258143910269
39.5935935935936,-3.569713503138278,-1.4645255212901198
39.72072072072072,-3.5138850120689,-1.3620704357034417
39.84784784784785,-3.4565889645882946,-1.2608390320866636
39.97497497497498,-3.3978439718878244,-1.1611251078885447
40.10210210210211,-3.3376704304801303,-1.0632371645330299
40.22922922922923,-3.276090662142002,-0.9674974842521424
40.35635635635636,-3.2131290623089144,-0.8742408690560645
40.48348348348348,-3.1488122571629145,-0.7838130118291149
40.610610610610614,-3.0831692696126103,-0.6965684754155579
40.737737737737746,-3.0162316943090555,-0.6128682638500922
40.86486486486487,-2.948033881772736,-0.5330769807321919
40.991991991991995,-2.8786131316222576,-0.4575595831279595
41.11911911911912,-2.8080098947928507,-0.38667775510067504
41.24624624624625,-2.73626798450958,-0.3207859425790371
41.373373373373376,-2.6634347956343243,-0.26022711007288374
41.50050050050051,-2.589561531833543,-0.20532829878372766
41.627627627627625,-2.5147034398141077,-0.15639608375035985
41.75475475475476,-2.438920049642866,-0.11371204347305502
41.88188188188188,-2.362275419901234,-0.0775283675689058
42.00900900900901,-2.284838386124553,-0.04806373508838973
42.136136136136145,-2.2066828106377305,-0.025499597052611865
42.26326326326326,-2.1278878315196743,-0.009976990799383953
42.390390390390394,-2.0485381080110434,-0.001594000600086035
42.51751751751752,-1.9687240592219324,-0.00040395905010427756
42.64464464464465,-1.8885420925005176,-0.006414457869017344
42.771771771771775,-1.8080948172945754,-0.01958720644884064
42.8988988988989,-1.727491239780619,-0.039838743666343504
43.026026026026024,-1.6468469329586475,-0.06704197528734532
43.153153153153156,-1.5662841763263078,-0.10102847793167474
43.28028028028029,-1.4859320586689362,-0.14159148304943273
43.40740740740741,-1.4059265369513299,-0.18848943231757354
43.53453453453454,-1.3264104437957922,-0.24144998041672577
43.66166166166166,-1.2475334356066028,-0.3001743128147103
43.78878878878879,-1.1694518730861982,-0.3643416448935388
43.91591591591592,-1.0923286257176454,-0.43361377391239164
44.04304304304305,-1.0163327918024883,-0.507639565885582
44.17017017017017,-0.9416393258825788,-0.5860592741929934
44.2972972972973,-0.8684285658833779,-0.6685086042305154
44.42442442442442,-0.7968856531336992,-0.7546224572742998
44.551551551551555,-0.7271998395817737,-0.8440383057291911
44.678678678678686,-0.6595636780687136,-0.936399170023746
44.805805805805804,-0.5941720934579047,-1.0313561838173717
44.932932932932935,-0.5312213347569339,-1.128570748374175
45.06006006006006,-0.47090781109399527,-1.2277162886515056
45.18718718718719,-0.4134268174869883,-1.3284796327770092
45.314314314314316,-0.3589711597103761,-1.4305620432384536
45.44144144144144,-0.30772969113458015,-1.533679932499422
45.56856856856857,-0.25988577807056623,-1.6375652981687419
45.6956956956957,-0.2156157137591881,-1.7419659136180448
45.82282282282283,-0.1750871045404238,-1.8466453093945392
45.94994994994995,-0.13845725474749254,-1.9513825792305237
46.077077077077085,-0.10587157931559037,-2.055972042198716
46.20420420420421,-0.07746207480196361,-2.160222789848485
46.331331331331334,-0.05334588032853936,-2.2639581441930106
46.45845845845846,-0.033623959757654344,-2.3670150493640425
46.58558558558559,-0.018379935116711543,-2.469243416737514
46.712712712712715,-0.007679098873162104,-2.570505440450469
46.83983983983985,-0.0015676291622675664,-2.6706748975409713
46.966966966966964,-7.202758441797298e-05,-2.769636444485777
47.094094094094096,-0.003198793874355922,-2.86728491970653
47.22122122122123,-0.010934345812358111,-2.9635246596664007
47.34834834834835,-0.023245186448431855,-3.0582688344837177
47.475475475475484,-0.04007831431997859,-3.1514388075303224
47.6026026026026,-0.06136186614323704,-3.2429635222457383
47.72972972972973,-0.08700597571786328,-3.3327789183618153
47.85685685685686,-0.11690382774032808,-3.420827378875021
47.98398398398399,-0.15093288106964442,-3.5070572084048486
48.111111111111114,-0.18895623286462565,-3.5914221430143156
48.23823823823824,-0.23082409299215897,-3.673880891125219
48.36536536536537,-0.2763753372031125,-3.754396704817297
48.492492492492495,-0.32543910774176077,-3.8329369805414197
48.61961961961963,-0.37783643120012766,-3.909472888089053
48.74674674674675,-0.4333818254148075,-3.9839790265297603
48.873873873873876,-0.4918848698684639,-4.056433105745617
49.001001001001,-0.5531517172247302,-4.126815652147135
49.12812812812813,-0.6169865271144644,-4.195109737140722
49.25525525525526,-0.6831928069339366,-4.261300726927772
49.38238238238239,-0.7515746480567992,-4.325376052243231
49.509509509509506,-0.8219378493714623,-4.3873249966834305
49.63663663663664,-0.8940909233283844,-4.447138502324625
49.76376376376377,-0.9678459826399206,-4.504808991392878
49.890890890890894,-1.0430195083667886,-4.560330202809035
50.018018018018026,-1.119433002322305,-4.613697042498681
50.14514514514514,-1.1969135285219756,-4.664905446423905
50.272272272272275,-1.2752941498114385,-4.713952255360815
50.3993993993994,-1.3544142668439694,-4.760835100512171
50.52652652652653,-1.4341198672832547,-4.805552299109076
50.653653653653656,-1.5142636935155993,-4.848102759217066
50.78078078078078,-1.5947053373113642,-4.888485893021533
50.90790790790791,-1.6753112698197619,-4.92670153792376
51.03503503503504,-1.7559548150550661,-4.962749884832523
51.16216216216217,-1.836516074675127,-4.996631413086892
51.28928928928929,-1.9168818113979482,-5.02834683149366
51.41641641641642,-1.9969452978803828,-5.05789702500782
51.54354354354355,-2.0766061373207885,-5.085283006626686
51.670670670670674,-2.155770061465429,-5.110505874107955
51.7977977977978,-2.2343487111155746,-5.133566771159172
51.92492492492493,-2.312259403661133,-5.154466852781025
52.05205205205205,-2.3894248916186434,-5.173207254479583
52.17917917917919,-2.465773115633458,-5.189789065093612
52.30630630630631,-2.54123695492341,-5.20421330301197
52.433433433433436,-2.6157539776976106,-5.216480895583853
52.56056056056057,-2.689266193679071,-5.226592661550404
52.687687687687685,-2.7617198104962397,-5.234549296351412
52.814814814814824,-2.8330649953827147,-5.240351360184144
52.94194194194194,-2.90325564333658,-5.243999268714644
53.06906906906907,-2.972249152638376,-5.24549328636353
53.1961961961962,-3.040006208406338,-5.244833522110151
53.32332332332332,-3.1064905746780096,-5.242019927779785
53.45045045045046,-3.171668895345187,-5.23705229879961
53.57757757757758,-3.235510504130914,-5.229930277429755
53.70470470470471,-3.2979872436824147,-5.220653358496506
53.831831831831835,-3.359073293757262,-5.209220897675757
53.95895895895896,-3.4187450084017628,-5.195632122396162
54.08608608608609,-3.4769807619569963,-5.179886145453116
54.213213213213216,-3.5337608036771453,-5.1619819814474415
54.34034034034034,-3.589067120705934,-5.141918566185924
54.46746746746747,-3.64288330912732,-5.119694779205236
54.59459459459459,-3.695194452785609,-5.095309469606329
54.72172172172173,-3.7459870095556425,-5.068761485413456
54.84884884884885,-3.7952487047356396,-5.040049706700211
54.97597597597598,-3.842968431231638,-5.009173082755259
55.10310310310311,-3.889136156202918,-4.976130673592466
55.23023023023023,-3.933742833841747,-4.940921696144108
55.357357357357365,-3.9767803239670547,-4.903545575512203
55.48448448448448,-4.0182413161200765,-4.864002001691752
55.611611611611615,-4.058119258860301,-4.822290992220696
55.73873873873874,-4.096408293971117,-4.778412961255501
55.865865865865864,-4.133103195296912,-4.732368795617848
55.992992992993,-4.168199311946182,-4.684159938407507
56.12012012012012,-4.20169251560829,-4.633788480828992
56.24724724724725,-4.233579151745104,-4.581257262934803
56.374374374374376,-4.263855994432046,-4.526569984046679
56.50150150150151,-4.2925202046364195,-4.469731323676736
56.62862862862863,-4.319569291734402,-4.4107470738338925
56.75575575575576,-4.345001078080676,-4.3496242836661185
56.88288288288288,-4.368813666457616,-4.286371417455693
57.010010010010014,-4.391005410243261,-4.22099852705161
57.137137137137145,-4.411574886149295,-4.153517439889974
57.26426426426427,-4.430520869391863,-4.083941963817826
57.391391391391394,-4.447842311169431,-4.012288109996634
57.51851851851852,-4.463538318332723,-3.938574335216649
57.64564564564565,-4.477608135142353,-3.862821804999545
57.772772772772775,-4.4900511270199726,-3.785054678900266
57.89989989989991,-4.5008667662087,-3.7053004194367523
58.027027027027025,-4.510054619268119,-3.623590126071861
58.15415415415416,-4.517614336338446,-3.5399588956397117
58.28128128128128,-4.523545642117687,-3.4544462105419487
58.40840840840841,-4.527848328504287,-3.367096355928459
58.535535535535544,-4.530522248866465,-3.277958866913
58.66266266266266,-4.531567313908147,-3.1870890066438315
58.7897897897898,-4.530983489109512,-3.09454827574108
58.91691691691692,-4.5287707937286985,-3.000404953209312
59.04404404404405,-4.524929301359368,-2.904734668420125
59.171171171171174,-4.519459142047052,-2.807621003115719
59.2982982982983,-4.512360505975541,-2.7091561215909565
59.42542542542543,-4.5036336487427,-2.609441426247111
59.552552552552555,-4.493278898253674,-2.5085882345535095
59.67967967967969,-4.4812966632676785,-2.406718472083046
59.80680680680681,-4.467687443643457,-2.303965374685722
59.933933933933936,-4.452451842337075,-2.200474191014532
60.06106106106107,-4.435590579214849,-2.0964028745130285
60.18818818818819,-4.4171045067534305,-1.9919227516138738
60.31531531531532,-4.396994627708545,-1.8872191502944697
60.44244244244245,-4.375262114843778,-1.7824919703231208
60.569569569569566,-4.3519083328207895,-1.6779561735563844
60.696696696696705,-4.326934862362916,-1.5738421695977831
60.82382382382382,-4.300343526814906,-1.4703960691112679
60.950950950950954,-4.272136421232633,-1.367879774249331
61.078078078078086,-4.242315944148229,-1.2665708731972574
61.2052052052052,-4.210884832168061,-1.1667623039834065
61.33233233233234,-4.177846197573042,-1.0687617517350017
61.45945945945946,-4.143203569103621,-0.9728907437776413
61.58658658658659,-4.106960936124461,-0.8794834087131633
61.713713713713716,-4.06912279637716,-0.78888486919795
61.84084084084084,-4.029694207542583,-0.7014492438875513
61.96796796796797,-3.9886808428479084,-0.6175372421622388
62.0950950950951,-3.9460890509668785,-0.5375133459451694
62.22222222222223,-3.9019259204749357,-0.461742586168366
62.34934934934935,-3.8561993491341546,-0.390586937035784
62.47647647647648,-3.808918118294828,-0.32440136874895287
62.60360360360361,-3.7600919727126265,-0.2635296181167232
62.730730730730734,-3.7097317060904027,-0.20829975552509522
62.85785785785786,-3.6578492526627877,-0.15901964492395693
62.98498498498499,-3.604457785148813,-0.11597240945995554
63.11211211211211,-3.5495718194023307,-0.07941202774091474
63.23923923923925,-3.49320732609141,-0.049559193114688524
63.366366366366364,-3.4353818497358315,-0.026597569649236225
63.493493493493496,-3.3761146354246803,-0.01067057293493246
63.62062062062063,-3.3154267635237176,-0.0018787911085756202
63.74774774774775,-3.253341292663051,-0.00027814190973575367
63.874874874874884,-3.1898834112687586,-0.005878836015257308
64.002002002002,-3.1250805978656433,-0.018645186804449806
64.12912912912913,-3.0589627903314742,-0.038496273972667354
64.25625625625626,-2.9915625642233348,-0.06530743518386646
64.38338338338339,-2.922915320222109,-0.09891252843268816
64.51051051051051,-2.8530594806510963,-0.13910688000113297
64.63763763763764,-2.782036694914145,-0.18565081050601184
64.76476476476476,-2.7098920535680984,-0.23827361568850064
64.8918918918919,-2.6366743105891954,-0.29667786985452765
65.01901901901903,-2.5624361132110947,-0.36054391819551496
65.14614614614615,-2.4872342385012476,-0.4295344290307512
65.27327327327328,-2.411129835599251,-0.5032988873227753
65.4004004004004,-2.334188672262896,-0.5814779253556326
65.52752752752752,-2.2564813840532487,-0.6637074038372971
65.65465465465466,-2.178083724136796,-0.7496221755101913
65.78178178178179,-2.0990768112898963,-0.8388594823731415
65.90890890890891,-2.0195473732578777,-0.9310619557851145
66.03603603603605,-1.9395879821491933,-1.0258802052371074
66.16316316316316,-1.8592972780370478,-1.1229749959033692
66.2902902902903,-1.7787801764002207,-1.2220190269229614
66.41741741741743,-1.6981480544699654,-1.3226983316328897
66.54454454454455,-1.6175189109684454,-1.4247133277616533
66.67167167167167,-1.5370174931407352,-1.5277795501020366
66.7987987987988,-1.4567753844124653,-1.6316281007006317
66.92592592592592,-1.3769310454691168,-1.736005852453897
67.05305305305306,-1.2976298010772007,-1.8406754415175917
67.18018018018017,-1.2190237645778415,-1.945415082442075
67.30730730730731,-1.1412716917175678,-2.050018237724584
67.43443443443444,-1.0645387553725911,-2.1542931707770125
67.56156156156156,-0.9889962328143376,-2.2580624083521843
67.6886886886887,-0.9148210974968035,-2.3611621354189767
67.81581581581581,-0.8421955079627523,-2.463441542458688
67.94294294294295,-0.7713061874055794,-2.5647621422626923
68.07007007007007,-0.702343688722733,-2.6649970706101174
68.1971971971972,-0.6355015415801621,-2.7640303827340857
68.32432432432432,-0.5709752800909504,-2.8617563552654213
68.45145145145146,-0.508961352192805,-2.9580788013807373
68.57857857857859,-0.44965591466783383,-3.0529104051706413
68.70570570570571,-0.3932535209379586,-3.1461720797736046
68.83283283283284,-0.3399457122220796,-3.237792352570981
68.95995995995996,-0.28991952625700285,-3.3277067796920923
69.0870870870871,-0.24335594144128408,-3.415857391210943
69.21421421421421,-0.2004282778103514,-3.50219216770886
69.34134134134135,-0.16130057952704682,-3.5866645483081467
69.46846846846847,-0.1261260063971591,-3.6692329698311745
69.5955955955956,-0.09504526411446962,-3.749860436391745
69.72272272272272,-0.06818510433913119,-3.828514118461519
69.84984984984986,-0.045656926170210596,-3.905164980262602
69.97697697697699,-0.02755550998108946,-3.9797874342041206
70.1041041041041,-0.01395791288410218,-4.052359020995639
70.23123123123123,-0.0049225522745882985,-4.122860114023135
70.35835835835837,-0.0004885000317881179,-4.191273646558117
70.4854854854855,-0.0006750051455597146,-4.25758486037863
70.61261261261261,-0.005481256971993552,-4.321781074408134
70.73973973973975,-0.014886395224393433,-4.383851472019166
70.86686686686687,-0.028849766441164465,-4.443786905700319
70.993993993994,-0.04731142031870295,-4.501579717843509
71.12112112112113,-0.07019283323420755,-4.557223576471569
71.24824824824825,-0.09739784077067626,-4.610713324792318
71.37537537537537,-0.1288137563174805,-4.662044843532136
71.50250250250251,-0.16431264902884457,-4.711214925069057
71.62962962962965,-0.20375275169484588,-4.758221158451236
71.75675675675676,-0.24697996746775897,-4.8030618244509
71.88388388388388,-0.2938294438819958,-4.8457357998659205
72.01101101101102,-0.34412718314368257,-4.886242470340429
72.13813813813815,-0.39769165913474036,-4.9245816510326605
72.26526526526526,-0.45433541382913084,-4.960753514512113
72.3923923923924,-0.5138666086869577,-4.99475852531872
72.51951951951952,-0.576090509896455,-5.026597380664828
72.64664664664664,-0.6408108898982114,-5.056270956805991
72.77377377377378,-0.7078313312842683,-5.083780260648779
72.90090090090091,-0.7769564227723917,-5.1091263862036875
73.02802802802803,-0.8479928403901531,-5.132310475528627
73.15515515515516,-0.9207503101692399,-5.153333683843403
73.2822822822823,-0.9950424514798423,-5.172197148528582
73.4094094094094,-1.0706875025848903,-5.188901961753029
73.53653653653653,-1.147508932045406,-5.2034491465036705
73.66366366366367,-1.2253359412597662,-5.215839635818606
73.7907907907908,-1.304003864688648,-5.226074255050664
73.91791791791792,-1.3833544752301654,-5.234153707013755
74.04504504504504,-1.46323620280107,-5.24007855988775
74.17217217217218,-1.5435042744922964,-5.243849237780886
74.2992992992993,-1.6240207847404518,-5.245466013870555
74.42642642642643,-1.704654703834691,-5.244929006065025
74.55355355355357,-1.785281832800608,-5.242238175149776
74.68068068068068,-1.8657847123056273,-5.237393325402705
74.8078078078078,-1.9460524927486589,-5.230394107683642
74.93493493493494,-2.02598077215658,-5.221240025023794
75.06206206206208,-2.1054714079387997,-5.209930440762241
75.18918918918918,-2.1844323079673735,-5.196464589297483
75.31631631631632,-2.2627772058694955,-5.180841589544088
75.44344344344346,-2.3404254248557304,-5.16306046120695
75.57057057057058,-2.417301633869603,-5.14312014400888
75.69769769769769,-2.4933355993385944,-5.121019520031709
75.82482482482483,-2.5684619353376914,-5.096757439356546
75.95195195195195,-2.642619854547192,-5.070332749215681
76.07907907907908,-2.7157529219968124,-5.041744326896811
76.20620620620622,-2.787808813237807,-5.010991116670737
76.33333333333334,-2.858739078273736,-4.97807217104506
76.46046046046045,-2.9284989123054457,-4.942986696680773
76.58758758758759,-2.9970469341053168,-4.905734105344532
76.71471471471473,-3.064344972627207,-4.8663140703082295
76.84184184184184,-3.13035786227928,-4.824726588648164
76.96896896896897,-3.195053247133383,-4.7809720499401855
77.0960960960961,-3.25840139421579,-4.7350513118935265
77.22322322322323,-3.320375015915577,-4.6869657835156335
77.35035035035034,-3.380949101457988,-4.636717516452173
77.47747747747748,-3.440100757316632,-4.584309305202289
77.60460460460462,-3.4978090563801487,-4.529744796966736
77.73173173173173,-3.55405489564272,-4.473028611947324
77.85885885885887,-3.6088208621524953,-4.414166474979526
77.98598598598599,-3.6620911069251023,-4.353165359444986
78.11311311311312,-3.7138512265120243,-4.2900336444771865
78.24024024024024,-3.7640881519004203,-4.224781286540641
78.36736736736738,-3.8127900444154057,-4.157420006530849
78.4944944944945,-3.859946198293349,-4.08796349360663
78.62162162162161,-3.9055469495967774,-4.0164276270278085
78.74874874874875,-3.9495835911460944,-3.9428307173266925
78.87587587587589,-3.992048293150687,-3.867193768188126
79.00300300300302,-4.032934029231018,-3.789540760447786
79.13013013013013,-4.072234507533899,-3.709898959636812
79.25725725725727,-4.109944106654815,-3.6282992484979104
79.38438438438439,-4.146057816093521,-3.5447764858681556
79.51151151151151,-4.180571180982415,-3.459369893258471
79.63863863863865,-4.213480250840081,-3.3721234703523217
79.76576576576576,-4.24478153211603,-3.2830864404849613
79.89289289289289,-4.27447194430628,-3.1923137269383286
80.02002002002003,-4.302548779432342,-3.099866460583407
80.14714714714717,-4.329009664689703,-3.0058125190044063
80.27427427427428,-4.353852528084529,-2.9102270967318846
80.4014014014014,-4.377075566890065,-2.8131933055764176
80.52852852852854,-4.398677218766231,-2.714802803270201
80.65565565565566,-4.418656135398047,-2.6151564476692735
80.78278278278277,-4.437011158519828,-2.514364972624276
80.90990990990991,-4.45374129820337,-2.4125496802700614
81.03703703703704,-4.4688457132989585,-2.309843142895759
81.16416416416416,-4.482323693928739,-2.20638990572208
81.2912912912913,-4.494174645941765,-2.102347179822199
81.41841841841843,-4.504398077250041,-1.9978855120765282
81.54554554554555,-4.512993585974339,-1.8931894164619472
81.67267267267268,-4.5199608503376245,-1.7884579481742349
81.79979979979981,-4.525299620253239,-1.683905199116675
81.92692692692692,-4.529009710563413,-1.579760690239327
82.05405405405405,-4.531090995892603,-1.476269633190765
82.18118118118119,-4.531543407088369,-1.3736930308958306
82.30830830830833,-4.530366929231105,-1.2723075841870581
82.43543543543542,-4.527561601201986,-1.1724053697240608
82.56256256256256,-4.523127516806903,-1.074293253406876
82.6896896896897,-4.51706482746234,-0.9782920036317855
82.81681681681683,-4.509373746457349,-0.8847350703779215
82.94394394394395,-4.500054554814187,-0.7939669995874475
83.07107107107107,-4.489107608778488,-0.7063414579152649
83.1981981981982,-4.476533348978448,-0.6222188509303268
83.32532532532532,-4.462332311301164,-0.5419635284015148
83.45245245245246,-4.4465051395430875,-0.46594058340253497
83.5795795795796,-4.429052599900764,-0.3945122674392033
83.7067067067067,-4.409975597377233,-0.32803406122531864
83.83383383383384,-4.389275194189207,-0.26685045944181907
83.96096096096097,-4.366952630269981,-0.21129054688027757
84.0880880880881,-4.343009345973284,-0.16166346163777845
84.21521521521521,-4.317447007093925,-0.11825385716573716
84.34234234234235,-4.290267532331896,-0.08131748757513274
84.46946946946947,-4.2614731233381145,-0.05107704831380697
84.5965965965966,-4.231066297491371,-0.027718406007545788
84.72372372372374,-4.199049923568391,-0.01138734609533663
84.85085085085086,-4.165427260481122,-0.0021869545734216557
84.97797797797797,-4.13020199926812,-0.00017573094699186053
85.10510510510511,-4.093378308539845,-0.005366504230144819
85.23223223223225,-4.0549608835911854,-0.017726193952292496
85.35935935935936,-4.014954999407478,-0.03717642548863986
85.48648648648648,-3.9733665678041024,-0.0635949757738038
85.61361361361362,-3.930202198953042,-0.09681799378298178
85.74074074074075,-3.885469267562827,-0.1366429121180942
85.86786786786786,-3.8391759839912036,-0.18283194330342656
85.994994994995,-3.7913314705820316,-0.2351160381568509
86.12212212212214,-3.741945843528976,-0.2931991744508474
86.24924924924926,-3.691030300578708,-0.356762842006469
86.37637637637638,-3.638597214894464,-0.4254705948286549
86.50350350350351,-3.584660235407322,-0.49897255091993764
86.63063063063063,-3.5292343939857225,-0.576909734744422
86.75775775775776,-3.4723362197542085,-0.6589181745615159
86.8848848848849,-3.4139838608884965,-0.7446326856241352
87.01201201201201,-3.3541972142050858,-0.8336902892747461
87.13913913913913,-3.292998062848943,-0.9257332362123155
87.26626626626627,-3.2304102223609856,-1.0204116188299217
87.39339339339341,-3.166459695376931,-1.117385571982994
87.52052052052053,-3.101174835168932,-1.2163270735332916
87.64764764764764,-3.0345865181902436,-1.3169213654299456
87.77477477477478,-2.9667283257181056,-1.418868023012807
87.90190190190191,-2.8976367346103435,-1.5218817048564781
88.02902902902903,-2.827351317093392,-1.625692618097304
88.15615615615616,-2.7559149493826713,-1.7300467351225373
88.28328328328328,-2.683374028796248,-1.8347057970874712
88.4104104104104,-2.6097786988584875,-1.939447138279267
88.53753753753755,-2.5351830816983085,-2.0440633631603813
88.66466466466468,-2.4596455168240814,-2.1483619052527545
88.7917917917918,-2.383228805101668,-2.2521644940776615
88.91891891891892,-2.3060004564715437,-2.3553065533161837
89.04604604604606,-2.228032939612203,-2.45763655033176
89.17317317317318,-2.1494039313896107,-2.559015314295068
89.3003003003003,-2.0701965635250668,-2.659315337438273
89.42742742742743,-1.9904996634664582,-2.7584200714811162
89.55455455455457,-1.9104079859626502,-2.856223229037292
89.68168168168168,-1.8300224313199918,-2.952628097833196
89.80880880880882,-1.7494502457694916,-3.047546873845817
89.93593593593594,-1.6688051988016273,-3.140900017982424
90.06306306306307,-1.5882077317410475,-3.2326156396638064
90.1901901901902,-1.5077850712533183,-3.322628909614293
90.31731731731733,-1.4276713009159865,-3.410881503284976
90.44444444444444,-1.348007383468074,-3.4973210756210342
90.57157157157157,-1.2689411259047378,-3.5819007673071135
90.6986986986987,-1.190627079235194,-3.6645787421682376
90.82582582582585,-1.113226364508466,-3.7453177550501673
90.95295295295294,-1.036906416671406,-3.824084749235268
91.08008008008008,-0.9618406379976047,-3.9008504822540644
91.20720720720722,-0.888207953257243,-3.9755891788164917
91.33433433433434,-0.8161922595270008,-4.048278209499633
91.46146146146147,-0.7459817646068736,-4.1188977937791424
91.58858858858859,-0.6777682094462844,-4.187430725975407
91.71571571571572,-0.611745971810782,-4.253862122691919
91.84284284284284,-0.5481110506498031,-4.31817919035001
91.96996996996998,-0.4870599332486666,-4.380371011464242
92.09709709709712,-0.4287883502333711,-4.440428348353699
92.22422422422422,-0.3734899267922242,-4.4983434630427706
92.35135135135135,-0.3213547420027851,-4.554109952167867
92.4784784784785,-0.2725678117996911,-4.607722595772074
92.60560560560562,-0.22730751475429484,-4.659177218937428
92.73273273273273,-0.18574398330751823,-4.708470565270609
92.85985985985987,-0.14803748622954188,-4.755600181324442
92.98698698698699,-0.11433683069659628,-4.800564311101615
93.11411411411412,-0.08477781429889708,-4.84336179984931
93.24124124124124,-0.05948175836545996,-4.883992006412831
93.36836836836838,-0.03855415407686638,-4.922454723473295
93.4954954954955,-0.022083451845279784,-4.958750105048496
93.62262262262263,-0.0101400223308149,-4.992878600686701
93.74974974974977,-0.0027753142524149584,-5.024840895831735
93.87687687687688,-2.1229921416063094e-05,-5.054637857882608
94.004004004004,-0.001889734318284797,-5.082270487513766
94.13113113113114,-0.008372707745561711,-5.1077398748617275
94.25825825825827,-0.019442045864270292,-5.131047160221503
94.38538538538538,-0.03505000452749432,-5.1521934989314
94.51251251251252,-0.055129780545206744,-5.171180030157596
94.63963963963965,-0.07959631362329872,-5.188007849321253
94.76676676676678,-0.1083472894648485,-5.202677983939962
94.8938938938939,-0.14126431961075403,-5.215191372683132
95.02102102102103,-0.17821427018225133,-5.22554884746707
95.14814814814815,-0.21905070936360593,-5.233751118440539
95.27527527527528,-0.26361544225844646,-5.239798761735377
95.40240240240242,-0.3117401016377743,-5.243692209879746
95.52952952952953,-0.36324776398971037,-5.2454317447937076
95.65665665665665,-0.417954562053158,-5.245017493308483
95.78378378378379,-0.4756712675146535,-5.242449425171705
95.91091091091093,-0.5362048205954203,-5.237727353522046
96.03803803803805,-0.599359786674353,-5.230850937837161
96.16516516516516,-0.6649397237095456,-5.221819689379612
96.2922922922923,-0.7327484478765396,-5.2106329791865456
96.41941941941943,-0.8025911883987181,-5.197290048670001
96.54654654654655,-0.8742756258916297,-5.181790022916566
96.67367367367368,-0.9476128115926854,-5.164131926797612
96.8008008008008,-1.0224179675430698,-5.144314704024478
96.92792792792793,-1.098511170094424,-5.122337239307424
97.05505505505506,-1.1757179210181885,-5.098198383802352
97.1821821821822,-1.2538696120052606,-5.071896984056361
97.30930930930931,-1.3328038894793433,-5.043431914691189
97.43643643643644,-1.412364927438619,-5.0128021150936615
97.56356356356358,-1.4924036165255707,-4.980006630414195
97.6906906906907,-1.5727776777452283,-4.945044657207876
97.81781781781781,-1.6533517092494685,-4.907915594089118
97.94494494494495,-1.7339971744217062,-4.868619097808947
98.07207207207209,-1.8145923391710994,-4.827155145205023
98.1991991991992,-1.8950221659137858,-4.783524101518134
98.32632632632632,-1.9751781712125558,-4.737726795615075
98.45345345345346,-2.0549582534920687,-4.689764602707426
98.58058058058059,-2.134266496669362,-4.6396395352074125
98.70770770770771,-2.2130129549543125,-4.587354342417458
98.83483483483485,-2.2911134234995494,-4.532912619807842
98.96196196196196,-2.368489199024138,-4.4763189286974425
99.08908908908909,-2.445066834008715,-4.4175789272155335
99.21621621621622,-2.52077788756695,-4.356699513487824
99.34334334334336,-2.5955586756438604,-4.293688982056031
99.47047047047046,-2.6693500227760674,-4.228557194607732
99.5975975975976,-2.74209701727429,-4.161315766159584
99.72472472472474,-2.8137487713517477,-4.0919782679024825
99.85185185185186,-2.884258187425645,-4.020560447977692
99.97897897897899,-2.9535817315550936,-3.9470804715099224
100.10610610610611,-3.021679214751786,-3.871559181269364
100.23323323323324,-3.088513582700979,-3.7940203803711254
100.36036036036036,-3.15405071426142,-3.7144911384393215
100.4874874874875,-3.218259228968256,-3.633002122662047
100.61461461461462,-3.2811103036419893,-3.5495879551347524
100.74174174174173,-3.3425774981053245,-3.4642875978271626
100.86886886886887,-3.402636589926873,-3.3771447664032346
100.99599599599601,-3.4612654180424807,-3.288208373966777
101.12312312312314,-3.5184437350520366,-3.197533005582511
101.25025025025025,-3.574153067946948,-3.1051794241237447
101.37737737737739,-3.628376586991439,-3.011215107606984
101.50450450450451,-3.6810989824580194,-2.915714817672383
101.63163163163163,-3.732306348901126,-2.8187611982418614
101.75875875875876,-3.7819860766430273,-2.720445402611138
101.8858858858859,-3.8301267501415786,-2.620867746288039
102.01301301301302,-3.8767180529088203,-2.520138381755289
102.14014014014015,-3.921750678652269,-2.418377989992063
102.26726726726729,-3.9652162483165956,-2.315718482012445
102.3943943943944,-4.0071072327113555,-2.212303701859434
102.52152152152152,-4.047416880420064,-2.1082901204164455
102.64864864864866,-4.086139150696912,-2.003847507067316
102.77577577577578,-4.123268651069497,-1.8991595636592713
102.90290290290291,-4.158800579378508,-1.794424502431782
103.03003003003003,-4.192730669998525,-1.6898555466168406
103.15715715715716,-4.225055143997317,-1.585681329369204
103.2842842842843,-4.255770663004659,-1.4821461636577091
103.41141141141141,-4.2848742865748655,-1.379510152885707
103.53853853853855,-4.312363432840817,-1.2780491094963178
103.66566566566567,-4.338235842269919,-1.1780542468844926
103.7927927927928,-4.3624895443456175,-1.0798316088518711
103.91991991991993,-4.385122827010224,-0.9837012009074421
104.04704704704704,-4.406134208717072,-0.8899957892635356
104.17417417417418,-4.425522412951795,-0.799059336736122
104.30130130130131,-4.443286345093755,-0.7112450502439094
104.42842842842843,-4.459425071499801,-0.6269130224640752
104.55555555555556,-4.473937800703153,-0.5464274606071504
104.68268268268268,-4.48682386663042,-0.470153508232349
104.80980980980982,-4.49808271374991,-0.39845368136734777
104.93693693693695,-4.507713884073862,-0.3316839575240207
105.06406406406407,-4.515717005946834,-0.27018957485847755
105.1911911911912,-4.5220917845614235,-0.21430061779964643
105.31831831831832,-4.526837994151553,-0.16432748381637527
105.44544544544546,-4.529955471822208,-0.12055634228772762
105.57257257257258,-4.531444112983083,-0.08324470927982938
105.69969969969969,-4.531303868362018,-0.05261727005807247
105.82682682682683,-4.529534742582446,-0.0288620832090284
105.95395395395396,-4.526136794297297,-0.012127295488411172
106.0810810810811,-4.521110137880128,-0.0025184846022140266
106.20820820820822,-4.514454946682341,-9.672828842794198e-05
106.33533533533533,-4.506171457873797,-0.004877473119486811
106.46246246246247,-4.4962599788922955,-0.016830246780336514
106.5895895895896,-4.484720895535997,-0.03587922503762581
106.71671671671673,-4.471554681741338,-0.061904631332690335
106.84384384384384,-4.456761911097792,-0.09474491510859205
106.97097097097098,-4.440343270159758,-0.13419962667833432
107.0980980980981,-4.422299573625055,-0.1800328833683717
107.22522522522523,-4.402631781458944,-0.23197730504144584
107.35235235235237,-4.381341018052267,-0.2897382875416895
107.47947947947948,-4.358428593512455,-0.35299848013989044
107.60660660660662,-4.333896027196314,-0.4214223371728179
107.73373373373374,-4.307745073604473,-0.4946606238133494
107.86086086086087,-4.279977750768191,-0.5723547700346059
107.98798798798799,-4.250596371270857,-0.6541409839507282
108.11511511511512,-4.2196035760582395,-0.7396540544405973
108.24224224224226,-4.187002371203671,-0.8285307920155288
108.36936936936938,-4.152796167807013,-0.9204130752007704
108.49649649649649,-4.1169888252188835,-1.0149504864375969
108.62362362362363,-4.079584697794884,-1.1118025361060662
108.75075075075075,-4.040588685397802,-1.2106404853995105
108.87787787787789,-4.000006287879102,-1.311148788344069
109.00500500500502,-3.9578436637847014,-1.4130261803172341
109.13213213213213,-3.9141076935430203,-1.5159864451774827
109.25925925925927,-3.868806047406679,-1.6197588958450808
109.38638638638639,-3.8219472584316794,-1.7240886042004138
109.51351351351353,-3.77354080078951,-1.8287364158191177
109.64064064064064,-3.7235971737188622,-1.9334787836680531
109.76776776776777,-3.672127991432675,-2.038107452734927
109.8948948948949,-3.619146079304097,-2.1424290249137665
110.02202202202203,-3.564665576660098,-2.2462644305338455
110.14914914914917,-3.5087020465140126,-2.3494483298706874
110.27627627627628,-3.4512725925669785,-2.4518284649508177
110.4034034034034,-3.392395983802742,-2.553264979051101
110.53053053053054,-3.332092786989489,-2.6536297185686313
110.65765765765767,-3.2703855073853565,-2.752805529438069
110.78478478478479,-3.207298737918923,-2.8506855580267088
110.91191191191191,-3.1428593170835786,-2.947172564443152
111.03903903903904,-3.0770964957392537,-3.0421782544599436
111.16616616616618,-3.0100421129602664,-3.13562263475015
111.2932932932933,-2.941730780997094,-3.2274333948660345
111.42042042042043,-2.872200079334126,-3.317545318318736
111.54754754754755,-2.8014907577212282,-3.4058997242301166
111.67467467467468,-2.729646947931577,-3.49244394030535
111.80180180180182,-2.656716383850129,-3.5771308072888353
111.92892892892893,-2.5827506293229057,-3.6599182146047187
112.05605605605606,-2.5078053129941753,-3.7407686665232642
112.18318318318319,-2.4319403691248223,-3.8196488779223525
112.31031031031031,-2.3552202831167346,-3.89652939851375
112.43743743743745,-2.277714340164005,-3.9713842642648647
112.56456456456456,-2.1994968751090602,-4.044190674655949
112.6916916916917,-2.1206475211998943,-4.114928694362455
112.81881881881883,-2.0412514550226124,-4.183580977933541
112.94594594594595,-1.9613996344218085,-4.2501325160433705
113.07307307307308,-1.8811890257231434,-4.31457040191724
113.2002002002002,-1.8007228160397837,-4.376883616574347
113.32732732732734,-1.7201106058853166,-4.437062831579582
113.45445445445446,-1.6394685767381099,-4.495100228053814
113.58158158158157,-1.5589196276169313,-4.550989330756055
113.70870870870871,-1.4785934741531992,-4.604724856115501
113.83583583583584,-1.398626703096892,-4.6563025731590635
113.96296296296298,-1.3191627746982162,-4.705719176346867
114.0900900900901,-1.2403519649916348,-4.7529721693938685
114.21721721721721,-1.1623512397048552,-4.798059759220924
114.34434434434435,-1.085324051360783,-4.840980759239986
114.47147147147147,-1.0094400511733699,-4.881734501238572
114.59859859859861,-0.9348747076004316,-4.920320755185345
114.72572572572572,-0.8618088239526324,-4.956739656332744
114.85285285285286,-0.7904279483050808,-4.99099163904378
114.97997997997999,-0.7209216701566343,-5.0230773768186125
115.10710710710711,-0.6534827998582069,-5.052997728041727
115.23423423423425,-0.5883064288066316,-5.080753687013192
115.36136136136136,-0.5255888707738718,-5.106346339867946
115.4884884884885,-0.46552648750130465,-5.129776825024123
115.61561561561562,-0.4083144047946962,-5.151046297837184
115.74274274274275,-0.35414512874454207,-5.170155899169409
115.86986986986987,-0.30320707527955526,-5.18710672761585
115.996996996997,-0.2556830299206952,-5.201899815156743
116.12412412412414,-0.21174855819709731,-5.214536106034703
116.25125125125126,-0.17157039055356788,-5.225016438680758
116.37837837837839,-0.13530480854426175,-5.233341530538763
116.50550550550551,-0.10309606149190978,-5.239511965661411
116.63263263263264,-0.07507484442301388,-5.243528184974041
116.75975975975977,-0.0513568688155259,-5.245390479124865
116.8868868868869,-0.03204155739743484,-5.245098983861533
117.01401401401401,-0.017210892837600522,-5.242653677895406
117.14114114114115,-0.0069284476539948755,-5.238054383235493
117.26826826826827,-0.0012386190703754356,-5.231300767994956
117.39539539539541,-0.00016608798342546,-5.222392351693642
117.52252252252254,-0.003715515821833817,-5.211328513101188
117.64964964964965,-0.011871487102249927,-5.198108500686339
117.77677677677679,-0.02459869916765109,-5.182731445759995
117.90390390390391,-0.041842394209127824,-5.165196378421861
118.03103103103105,-0.06352902250305667,-5.145502246443759
118.15815815815816,-0.08956712010897165,-5.123647937246968
118.28528528528528,-0.11984837930448038,-5.099632303156152
118.41241241241242,-0.154248885970244,-5.07345419013933
118.53953953953955,-0.19263049511298094,-5.0451124702713726
118.66666666666669,-0.2348423137971561,-5.014606078188234
118.7937937937938,-0.280722259953899,-4.9819340518313
118.92092092092092,-0.3300986657992667,-4.9470955778142125
119.04804804804806,-0.3827918958222828,-4.910090041781189
119.17517517517518,-0.4386159513584878,-4.870917084163507
119.30230230230231,-0.49738003648313656,-4.829576661781958
119.42942942942943,-0.5588900631609437,-4.786069115786451
119.55655655655656,-0.6229500771002354,-4.7403952464698955
119.6836836836837,-0.6893635894071969,-4.692556395542999
119.8108108108108,-0.7579348027705796,-4.642554536508159
119.93793793793795,-0.8284697243995729,-4.5903923738258525
120.06506506506507,-0.9007771611836518,-4.5360734516244445
120.1921921921922,-0.9746695954703872,-4.479602272765036
120.31931931931933,-1.0499639424127358,-4.420984429135596
120.44644644644644,-1.126482191998278,-4.3602267441137394
120.57357357357358,-1.2040519406324128,-4.297337428203748
120.70070070070071,-1.2825068185180908,-4.232326248920698
120.82782782782783,-1.3616868200819146,-4.165204716061081
120.95495495495496,-1.4414385453701737,-4.095986283564621
121.08208208208208,-1.521615360724287,-4.0246865692335
121.20920920920922,-1.6020774871776542,-3.951323593631127
121.33633633633634,-1.6826920249442203,-3.8759180395311055
121.46346346346347,-1.7633329221290026,-3.798493533322116
121.5905905905906,-1.843880895423341,-3.719076949796311
121.71771771771772,-1.9242233100850465,-3.6376987417476685
121.84484484484486,-2.004254025977849,-3.554393295780269
121.97197197197198,-2.0838732158786994,-3.469199315666589
122.0990990990991,-2.162987161679502,-3.3821602344923924
122.22622622622623,-2.241508033527246,-3.2933246566715018
122.35335335335336,-2.3193536563771295,-3.2027468306944327
122.4804804804805,-2.3964472678875923,-3.1104871531825724
122.60760760760762,-2.472717271071469,-3.0166127044316933
122.73473473473474,-2.548096984638717,-2.921197815136769
122.86186186186187,-2.6225243935247953,-2.824324663368905
122.988988988989,-2.695941901699333,-2.7260839001091552
123.11611611611613,-2.7682960889882287,-2.6265753007104093
123.24324324324324,-2.839537473320722,-2.525908438535778
123.37037037037038,-2.9096202795284025,-2.424203375690017
123.4974974974975,-2.9785022155735623,-2.3215913641987744
123.62462462462463,-3.0461442568671258,-2.218215549184631
123.75175175175177,-3.1125104391491747,-2.1142316635272906
123.87887887887888,-3.1775676602454412,-2.0098087011785166
124.00600600600602,-3.2412854908771207,-1.905129553738985
124.13313313313314,-3.3036359945882787,-1.800391592124631
124.26026026026027,-3.364593556760166,-1.6958071721995043
124.38738738738739,-3.424134722605359,-1.591604040207958
124.51451451451452,-3.482238043971433,-1.4880256108073389
124.64164164164166,-3.538883934735435,-1.3853310876243916
124.76876876876878,-3.5940545345313617,-1.2837953937218112
124.89589589589589,-3.647733580524904,-1.1837088773860647
125.02302302302303,-3.699906286928804,-1.0853767575076467
125.15015015015015,-3.7505592319385657,-0.9891182728152417
125.27727727727729,-3.7996802517607247,-0.895265500680153
125.40440440440442,-3.8472583414022052,-0.8041618144543027
125.53153153153153,-3.893283561890746,-0.7161599536609997
125.65865865865867,-3.937746953599879,-0.6316196890817606
125.78578578578579,-3.980640455358962,-0.5509050750386881
125.91291291291293,-4.021956829037186,-0.474381293988724
126.04004004004004,-4.061689589300718,-0.40241111376107475
126.16716716716716,-4.099832938253575,-0.33535099499852683
126.2942942942943,-4.136381704685194,-0.2735469049665161
126.42142142142143,-4.171331287660234,-0.21732991297493548
126.54854854854857,-4.204677604199766,-0.16701166107884102
126.67567567567568,-4.236417040816004,-0.12287982017370398
126.8028028028028,-4.2665464086765805,-0.08519365467372314
126.92992992992994,-4.29506290218736,-0.05417982729571881
127.05705705705707,-4.321964060796269,-0.030028577883293002
127.18418418418419,-4.347247733833557,-0.012890405850040554
127.31131131131131,-4.370912048216231,-0.0028733743191048477
127.43843843843844,-4.3929553788573195,-4.1135574618570606e-05
127.56556556556558,-4.413376321631938,-0.004411752809640946
127.6926926926927,-4.432173668764393,-0.015957363712469516
127.81981981981983,-4.4493463865112135,-0.03460469900248982
127.94694694694695,-4.464893595026375,-0.06023643572645315
128.07407407407408,-4.478814550305125,-0.09269333316304568
128.2012012012012,-4.49110862811324,-0.13177707062936006
128.32832832832833,-4.501775309818273,-0.1772536830743844
128.45545545545548,-4.510814170049079,-0.22885747332456607
128.58258258258257,-4.518224866118967,-0.286295269875944
128.7097097097097,-4.524007129157094,-0.3492508962677513
128.83683683683685,-4.528160756901466,-0.4173897218344264
128.96396396396398,-4.530685608115556,-0.49036317308716293
129.0910910910911,-4.531581598599109,-0.5678130988893481
129.21821821821823,-4.530848698771984,-0.6493758995764626
129.34534534534535,-4.528486932818367,-0.7346863488399367
129.47247247247248,-4.524496379386739,-0.8233810562603898
129.5995995995996,-4.518877173849337,-0.9151015367525013
129.72672672672672,-4.5116295121330525,-1.0094968700275642
129.85385385385385,-4.5027536561419925,-1.106225947906231
129.980980980981,-4.492249940800359,-1.20495931959052
130.10810810810813,-4.480118782752765,-1.3053806547107505
130.23523523523525,-4.466360690767609,-1.4071878511648421
130.36236236236238,-4.450976277898298,-1.5100938196464808
130.4894894894895,-4.433966275465736,-1.613826979597115
130.61661661661662,-4.415331548935052,-1.718131502428827
130.74374374374375,-4.39507311576892,-1.8227673375887083
130.87087087087087,-4.3731921653497725,-1.9275100556910254
130.997997997998,-4.349690081073271,-2.032150540828004
131.12512512512512,-4.324568464725948,-2.136494561542803
131.25225225225228,-4.297829163270716,-2.240362247022922
131.3793793793794,-4.269474298175227,-2.3435874920279924
131.5065065065065,-4.239506297429564,-2.4460173110330357
131.63363363363365,-4.207927930411683,-2.547511159150051
131.76076076076077,-4.174742345771508,-2.647940234652539
131.8878878878879,-4.13995311251682,-2.7471867754171884
132.01501501501502,-4.103564264497565,-2.845143359332221
132.14214214214215,-4.065580348497696,-2.9417122167170633
132.26926926926927,-4.026006476157783,-3.036804561044395
132.3963963963964,-3.9848483799644177,-3.1303399427446226
132.52352352352355,-3.942112473556205,-3.2222456295881843
132.65065065065065,-3.897805916609352,-3.3124560160588343
132.77777777777777,-3.85193668457876,-3.4009120632372447
132.90490490490492,-3.80451364358261,-3.4875607699787685
133.03203203203205,-3.755546630730486,-3.57235467557929
133.15915915915917,-3.7050465402048474,-3.655251393653069
133.2862862862863,-3.6530254154147896,-3.7362131765819493
133.41341341341342,-3.5994965475479557,-3.815206509618943
133.54054054054055,-3.5444745808503697,-3.892201733525117
133.66766766766767,-3.487975624965772,-3.967172694477263
133.7947947947948,-3.4300173746626186,-4.040096419890053
133.92192192192192,-3.3706192372703687,-4.110952818744794
134.04904904904905,-3.3098024681328293,-4.179724404995487
134.1761761761762,-3.2475903143673768,-4.24639604262855
134.3033033033033,-3.1840081671904357,-4.310954710975869
134.43043043043045,-3.119083723032754,-4.373389288920996
134.55755755755757,-3.052847153620088,-4.433690356686878
134.6846846846847,-2.9853312851330553,-4.491850013952225
134.81181181181182,-2.916571786485732,-4.54786171310531
134.93893893893895,-2.846607366668671,-4.601720106509821
135.06606606606607,-2.775479980991285,-4.6534209067247945
135.1931931931932,-2.703235045925112,-4.7029607586865225
135.32032032032032,-2.6299216620919594,-4.750337122927905
135.44744744744744,-2.5555928447565988,-4.795548168973945
135.57457457457457,-2.4803057609702868,-4.83859267811528
135.70170170170172,-2.4041219722638423,-4.879469954821316
135.82882882882885,-2.3271076815098555,-4.918179746111605
135.95595595595594,-2.2493339822538116,-4.954722168258399
136.0830830830831,-2.1708771084584817,-4.989097640244763
136.21021021021022,-2.0918186822083755,-5.021306823451105
136.33733733733735,-2.0122459564853354,-5.051350567088345
136.46446446446447,-1.9322520496506903,-5.079229858939116
136.5915915915916,-1.8519361677575423,-5.10494578100837
136.71871871871872,-1.7714038102751641,-5.128499469722629
136.84584584584584,-1.6907669542386208,-5.149892080352451
136.972972972973,-1.6101442112562858,-5.169124755366106
137.1001001001001,-1.5296609512239547,-5.186198596453427
137.22722722722722,-1.4494493860267772,-5.201114639988774
137.35435435435437,-1.3696486059788624,-5.213873835729277
137.4814814814815,-1.2904045612806585,-5.224477028571425
137.60860860860862,-1.2118699803949293,-5.23292494321391
137.73573573573572,-1.134204216989045,-5.239218171598652
137.86286286286287,-1.0575730169990019,-5.2433571630249745
137.98998998999,-0.9821481974831903,-5.245342216854205
138.11711711711715,-0.9081072292900598,-5.245173477743523
138.24424424424427,-0.8356327162088693,-5.2428509333690805
138.37137137137137,-0.76491176424394,-5.2383744146193445
138.49849849849852,-0.696135235985706,-5.231743598260188
138.62562562562562,-0.629496886772674,-5.222958012094216
138.75275275275274,-0.5651923814571421,-5.212017042657456
138.8798798798799,-0.5034181931071234,-5.198919945518041
139.00700700700702,-0.4443703878655696,-5.1836658582629465
139.13413413413417,-0.388243303407727,-5.166253816281515
139.26126126126127,-0.3352281319079576,-5.146682771477402
139.38838838838836,-0.28551142205310365,-5.1249516140648765
139.51551551551552,-0.2392735182936272,-5.101059197630654
139.64264264264264,-0.1966869590542829,-5.075004367669093
139.7697697697698,-0.15791485886878776,-5.046785993826493
139.89689689689692,-0.12310930217748663,-5.016403006120238
140.02402402402402,-0.09240977865649617,-4.983854435429961
140.15115115115117,-0.06594169126458846,-4.949139458591325
140.27827827827826,-0.04381496855985412,-4.912257448459376
140.40540540540542,-0.02612281214517169,-4.87320802934558
140.53253253253254,-0.012940608297547479,-4.831991138274473
140.65965965965967,-0.004325029919166368,-4.788607092547934
140.78678678678682,-0.00031335098433830916,-4.743056664152116
140.91391391391392,-0.0009229907703315566,-4.6953411615902265
141.04104104104107,-0.006151299535367688,-4.645462519776782
141.16816816816817,-0.01597559117480151,-4.59342339868323
141.2952952952953,-0.030353422010893354,-4.5392272914825575
141.42242242242244,-0.04922310853296571,-4.482878643001133
141.54954954954957,-0.07250447088198186,-4.424382979348126
141.6766766766767,-0.10009978342279013,-4.363747049658384
141.80380380380382,-0.13189490908896087,-4.300978980950292
141.9309309309309,-0.1677605904873676,-4.236088447167973
142.05805805805807,-0.20755386812303928,-4.169086853543095
142.1851851851852,-0.251119594595255,-4.099987537477762
142.31231231231232,-0.2982920132108187,-4.028805987210625
142.43943943943947,-0.3488963700878296,-3.955560079586352
142.56656656656656,-0.4027505303710854,-3.8802703382956687
142.69369369369372,-0.45966657149645845,-3.802960213990506
142.8208208208208,-0.5194523293564551,-3.7236563877015225
142.94794794794794,-0.5819128765557005,-3.6423890989839034
143.0750750750751,-0.6468519155232075,-3.5591925001955067
143.20220220220222,-0.7140730729090204,-3.474105038250053
143.32932932932937,-0.7833810852881818,-3.3871698650908844
143.45645645645646,-0.8545828696092335,-3.2984352779772106
143.5835835835836,-0.927488474960956,-3.2079551904629438
143.7107107107107,-1.0019119150279272,-3.115789634657265
143.83783783783784,-1.0776718830192922,-3.022005294976421
143.96496496496496,-1.1545923528690287,-2.926676073110048
144.09209209209212,-1.2325030721229635,-2.8298836833111043
144.21921921921924,-1.3112399531615913,-2.731718276363316
144.34634634634637,-1.3906453702903123,-2.632279089654404
144.47347347347346,-1.4705683707926787,-2.5316751196734937
144.6006006006006,-1.5508648083306267,-2.4300258119308933
144.72772772772774,-1.631397407129703,-2.3274617617510125
144.85485485485486,-1.7120357652495035,-2.224125417596029
144.98198198198202,-1.7926563049483402,-2.1201717765334465
145.10910910910914,-1.873142177746682,-2.015769059155692
145.23623623623624,-1.9533831313033247,-1.9110993487122232
145.36336336336336,-2.03327534467679,-1.806359176444531
145.4904904904905,-2.112721237969283,-1.7017600321730386
145.6176176176176,-2.191629261767515,-1.5975287761431278
145.74474474474476,-2.2699136712144803,-1.4939079251009724
145.8718718718719,-2.3474942889855734,-1.3911557826803693
145.998998998999,-2.4242962609065892,-1.289546381617347
146.12612612612614,-2.5002498074493706,-1.1893692032980068
146.25325325325323,-2.575289973875201,-1.0909286389471926
146.3803803803804,-2.6493563813704086,-0.9945431566846028
146.5075075075075,-2.7223929811324354,-0.9005441400362177
146.63463463463466,-2.7943478130180095,-0.8092743666256973
146.7617617617618,-2.8651727700577028,-0.7210861009981993
146.88888888888889,-2.9348233698684902,-0.6363387831122437
147.01601601601604,-3.003258533759551,-0.5553963041455807
147.14314314314313,-3.070440374119658,-0.47862387393408873
147.27027027027026,-3.136333990498698,-0.4063844994482908
147.3973973973974,-3.200907274643879,-0.3390351108425885
147.52452452452454,-3.2641307246249056,-0.2769223901580031
147.6516516516517,-3.325977268075428,-0.22037837684202183
147.7787787787788,-3.3864220944906203,-0.16971594274149943
147.90590590590588,-3.4454424964491293,-0.12522424582432484
148.03303303303304,-3.5030177195699745,-0.08716428518809968
148.16016016016016,-3.5591288209703658,-0.05576468855270464
148.2872872872873,-3.6137585359554643,-0.031217866209427965
148.41441441441444,-3.666891152645852,-0.013676661445100134
148.54154154154153,-3.7185123942301797,-0.003251616365202945
148.6686686686687,-3.768609308519805,-8.953960050725081e-06
148.79579579579578,-3.8171701644751934,-0.0039693529468964855
148.9229229229229,-3.8641843553733923,-0.015107562707374143
149.05005005005006,-3.909642308286872,-0.03335287332399668
149.17717717717719,-3.9535353995500144,-0.05859042240949429
149.30430430430434,-3.9958558758962335,-0.0906632883251482
149.43143143143143,-4.036596780958387,-0.12937529058570665
149.55855855855856,-4.075751886835775,-0.1744943945074085
149.68568568568568,-4.113315630442369,-0.22575659974826637
149.8128128128128,-4.149283054364327,-0.2828701820105307
149.93993993993996,-4.183649751966593,-0.3455201539178559
150.0670670670671,-4.216411816503085,-0.4133728144865877
150.1941941941942,-4.24756579399716,-0.4860802657709729
150.32132132132134,-4.277108639673401,-0.5632847889574091
150.44844844844843,-4.305037677734577,-0.6446229890322552
150.57557557557558,-4.331350564290939,-0.7297296357567419
150.7027027027027,-4.356045253261805,-0.8182411477563817
150.82982982982983,-4.379119965081971,-0.9097986849751544
150.956956956957,-4.400573158057726,-1.004050831691894
151.08408408408408,-4.420403502228918,-1.1006558671569857
151.21121121121124,-4.438609855605317,-1.19928363332635
151.33833833833833,-4.455191242656191,-1.2996170190248535
151.46546546546546,-4.470146834943272,-1.4013530872098432
151.5925925925926,-4.483475933797182,-1.5042038770115937
151.71971971971973,-4.495177954947907,-1.6078969151732423
151.84684684684686,-4.505252415029268,-1.712175472713978
151.97397397397398,-4.513698919887087,-1.8167986024341085
152.1011011011011,-4.520517154629854,-1.9215409915876969
152.22822822822823,-4.525706875369596,-2.026192661970738
152.35535535535536,-4.529267902609558,-2.130558547067489
152.48248248248248,-4.53120011624382,-2.2344579729850995
152.60960960960963,-4.531503452142427,-2.3377240668644736
152.73673673673676,-4.53017790030403,-2.440203113419187
152.86386386386388,-4.527223504566197,-2.5417538773271224
152.990990990991,-4.5226403638719495,-2.642246906450178
153.1181181181181,-4.516428635099146,-2.741563828332047
153.24524524524526,-4.508588537467709,-2.8395966501467513
153.37237237237238,-4.499120358547986,-2.9362470702490366
153.49949949949954,-4.488024461901902,-3.031425807711454
153.62662662662666,-4.47530129639715,-3.125051954708577
153.75375375375376,-4.460951407243408,-3.2170523553095838
153.88088088088088,-4.444975448808311,-3.3073610131513433
154.008008008008,-4.427374199280236,-3.3959185295552663
154.13513513513513,-4.408148577254143,-3.4826715729114306
154.26226226226228,-4.387299660326428,-3.5675723795531766
154.3893893893894,-4.364828705794755,-3.6505782858701346
154.51651651651653,-4.340737173568938,-3.7316512910375668
154.64364364364366,-4.315026751409789,-3.810757649458007
154.77077077077075,-4.287699382623575,-3.887867491804982
154.8978978978979,-4.25875729635132,-3.9629544734118642
155.02502502502503,-4.228203040603595,-4.035995448654743
155.15215215215218,-4.196039518203908,-4.106970169922558
155.2792792792793,-4.1622700258157925,-4.175861009746388
155.4064064064064,-4.126898296241802,-4.242652704662817
155.53353353353356,-4.089928544195386,-4.307332119409809
155.66066066066065,-4.051365515760108,-4.3698880300915475
155.78778778778778,-4.011214541763772,-4.430310924998634
155.91491491491493,-3.969481595308793,-4.488592821826213
156.04204204204206,-3.9261733537134043,-4.544727100095844
156.1691691691692,-3.881297265131151,-4.598708347652034
156.2962962962963,-3.834861620129459,-4.650532220170835
156.4234234234234,-3.7868756285195544,-4.700195312685705
156.55055055055055,-3.7373495017414413,-4.747695042201344
156.67767767767768,-3.686294541117494,-4.793029540531228
156.80480480480483,-3.6337232322960706,-4.836197556557115
156.93193193193196,-3.5796493462129892,-4.877198367168557
157.05905905905905,-3.524088046901641,-4.916031696198012
157.1861861861862,-3.4670560064824194,-4.9526976407215315
157.3133133133133,-3.408571527658138,-4.987196604146449
157.44044044044043,-3.3486546740323977,-5.019529235556254
157.56756756756758,-3.2873274085528745,-5.049696374828418
157.6946946946947,-3.2246137403588664,-5.077699003084142
157.82182182182186,-3.160539880281182,-5.1035381980692
157.94894894894895,-3.0951344052021352,-5.127215094102988
158.07607607607608,-3.028428431429809,-5.148730846268471
158.2032032032032,-2.9604557971759893,-5.1680865985490145
158.33033033033033,-2.8912532541440106,-5.185283455649663
158.45745745745748,-2.8208606681356367,-5.200322458269699
158.5845845845846,-2.7493212284650372,-5.213204561621547
158.71171171171173,-2.6766816658271884,-5.2239306170173805
158.83883883883885,-2.602992478101366,-5.232501356369942
158.96596596596595,-2.5283081633746174,-5.238917379478306
159.0930930930931,-2.452687459245803,-5.243179143992086
159.22022022022023,-2.376193587211404,-5.245286957970265
159.34734734734735,-2.2988945006406847,-5.245240974972145
159.4744744744745,-2.220863134514962,-5.243041191639312
159.6016016016016,-2.142177654735913,-5.238687447748319
159.72872872872873,-2.0629217043951935,-5.232179428734525
159.85585585585585,-1.9831846439481737,-5.2235166707082525
159.98298298298297,-1.9030617817445827,-5.212698568005391
160.11011011011013,-1.8226545908464535,-5.199724383335579
160.23723723723725,-1.7420709075100114,-5.184593260613134
160.36436436436438,-1.6614251061352605,-5.16730424057776
160.4914914914915,-1.5808382449022729,-5.147856279335711
160.61861861861863,-1.5004381757335832,-5.126248269975592
160.74574574574575,-1.4203596116660044,-5.102479067438841
160.87287287287288,-1.340744144200761,-5.076547516850784
161.0,-1.2617402027633415,-5.04845248554676
